{
     "Color":{
        "ViewBackgoundColor":"FFFFFF",
        "CharacterColor":"435FAB",
        "TabBarBackgroundColor":"03A9F4"
    },
    "UINavigationBar": {
        "NavBarDefault":{
            "tintColor":"03A9F4",
            "backgroundImageColor":"03A9F4",
            "shadowImageColor":"243423",
            "titleLabelColor":"000000"
        },
        "NavBarLevel1":{
            "tintColor":"03A9F4",
            "backgroundImageColor":"03A9F4",
            "shadowImageColor":"",
            "titleLabelColor":"000000"
        }
    },
    
    "Button":{
        "ThemeMode_Button_SureButton": {
            "titleColor": {
                "UIControlStateNormal":"FFFFFF",
                "UIControlStateHighlight":"FFFFFF",
                "UIControlStateDisabled":"FFFFFF",
                "UIControlStateSelected":"FFFFFF"
            }
        },
        "ButtonTypeColor": {
            "titleColor": {
                "UIControlStateNormal":"4A34A6",
                "UIControlStateHighlight":"03A9F4",
                "UIControlStateDisabled":"FFFFFF",
                "UIControlStateSelected":"03A9F4"
            }
        },
        "ThemeMode_Button_NavBarRight":{
            "titleColor": {
                "UIControlStateNormal":"FFFFFF",
                "UIControlStateHighlight":"4DFFFFFF",
                "UIControlStateDisabled":"7FFFFFFF"
            }
        },
        "ThemeMode_Button_ExpressAddressSele":{
            "titleColor": {
                "UIControlStateNormal":"888888",
                "UIControlStateSelected":"7aa0b2"
            }
        },
        "ThemeModel_Button_PickerView":{
            "titleColor": {
                "UIControlStateNormal":"03A9F4",
                "UIControlStateHighlight":"4D03A9F4"
            }
        }
    }
    
}